--
-- PostgreSQL database dump
--

-- Dumped from database version 17.5
-- Dumped by pg_dump version 17.5

SET statement_timeout = 0;
SET lock_timeout = 0;
SET idle_in_transaction_session_timeout = 0;
SET transaction_timeout = 0;
SET client_encoding = 'UTF8';
SET standard_conforming_strings = on;
SELECT pg_catalog.set_config('search_path', '', false);
SET check_function_bodies = false;
SET xmloption = content;
SET client_min_messages = warning;
SET row_security = off;

SET default_tablespace = '';

SET default_table_access_method = heap;

--
-- Name: auth_group; Type: TABLE; Schema: public; Owner: postgres
--

CREATE TABLE public.auth_group (
    id integer NOT NULL,
    name character varying(150) NOT NULL
);


ALTER TABLE public.auth_group OWNER TO postgres;

--
-- Name: auth_group_id_seq; Type: SEQUENCE; Schema: public; Owner: postgres
--

ALTER TABLE public.auth_group ALTER COLUMN id ADD GENERATED BY DEFAULT AS IDENTITY (
    SEQUENCE NAME public.auth_group_id_seq
    START WITH 1
    INCREMENT BY 1
    NO MINVALUE
    NO MAXVALUE
    CACHE 1
);


--
-- Name: auth_group_permissions; Type: TABLE; Schema: public; Owner: postgres
--

CREATE TABLE public.auth_group_permissions (
    id bigint NOT NULL,
    group_id integer NOT NULL,
    permission_id integer NOT NULL
);


ALTER TABLE public.auth_group_permissions OWNER TO postgres;

--
-- Name: auth_group_permissions_id_seq; Type: SEQUENCE; Schema: public; Owner: postgres
--

ALTER TABLE public.auth_group_permissions ALTER COLUMN id ADD GENERATED BY DEFAULT AS IDENTITY (
    SEQUENCE NAME public.auth_group_permissions_id_seq
    START WITH 1
    INCREMENT BY 1
    NO MINVALUE
    NO MAXVALUE
    CACHE 1
);


--
-- Name: auth_permission; Type: TABLE; Schema: public; Owner: postgres
--

CREATE TABLE public.auth_permission (
    id integer NOT NULL,
    name character varying(255) NOT NULL,
    content_type_id integer NOT NULL,
    codename character varying(100) NOT NULL
);


ALTER TABLE public.auth_permission OWNER TO postgres;

--
-- Name: auth_permission_id_seq; Type: SEQUENCE; Schema: public; Owner: postgres
--

ALTER TABLE public.auth_permission ALTER COLUMN id ADD GENERATED BY DEFAULT AS IDENTITY (
    SEQUENCE NAME public.auth_permission_id_seq
    START WITH 1
    INCREMENT BY 1
    NO MINVALUE
    NO MAXVALUE
    CACHE 1
);


--
-- Name: badge_table; Type: TABLE; Schema: public; Owner: postgres
--

CREATE TABLE public.badge_table (
    badge_id integer NOT NULL,
    badge_name character varying(200) NOT NULL
);


ALTER TABLE public.badge_table OWNER TO postgres;

--
-- Name: badge_table_badge_id_seq; Type: SEQUENCE; Schema: public; Owner: postgres
--

ALTER TABLE public.badge_table ALTER COLUMN badge_id ADD GENERATED BY DEFAULT AS IDENTITY (
    SEQUENCE NAME public.badge_table_badge_id_seq
    START WITH 1
    INCREMENT BY 1
    NO MINVALUE
    NO MAXVALUE
    CACHE 1
);


--
-- Name: cart_table; Type: TABLE; Schema: public; Owner: postgres
--

CREATE TABLE public.cart_table (
    cart_id integer NOT NULL,
    quantity integer NOT NULL,
    cart_item_id integer NOT NULL,
    user_id bigint
);


ALTER TABLE public.cart_table OWNER TO postgres;

--
-- Name: cart_table_cart_id_seq; Type: SEQUENCE; Schema: public; Owner: postgres
--

ALTER TABLE public.cart_table ALTER COLUMN cart_id ADD GENERATED BY DEFAULT AS IDENTITY (
    SEQUENCE NAME public.cart_table_cart_id_seq
    START WITH 1
    INCREMENT BY 1
    NO MINVALUE
    NO MAXVALUE
    CACHE 1
);


--
-- Name: category_table; Type: TABLE; Schema: public; Owner: postgres
--

CREATE TABLE public.category_table (
    category_id integer NOT NULL,
    category_name character varying(50) NOT NULL,
    category_image character varying(100) NOT NULL
);


ALTER TABLE public.category_table OWNER TO postgres;

--
-- Name: category_table_category_id_seq; Type: SEQUENCE; Schema: public; Owner: postgres
--

ALTER TABLE public.category_table ALTER COLUMN category_id ADD GENERATED BY DEFAULT AS IDENTITY (
    SEQUENCE NAME public.category_table_category_id_seq
    START WITH 1
    INCREMENT BY 1
    NO MINVALUE
    NO MAXVALUE
    CACHE 1
);


--
-- Name: deal_table; Type: TABLE; Schema: public; Owner: postgres
--

CREATE TABLE public.deal_table (
    best_deal_id integer NOT NULL,
    deal_duration integer,
    deal_items_id integer NOT NULL
);


ALTER TABLE public.deal_table OWNER TO postgres;

--
-- Name: deal_table_best_deal_id_seq; Type: SEQUENCE; Schema: public; Owner: postgres
--

ALTER TABLE public.deal_table ALTER COLUMN best_deal_id ADD GENERATED BY DEFAULT AS IDENTITY (
    SEQUENCE NAME public.deal_table_best_deal_id_seq
    START WITH 1
    INCREMENT BY 1
    NO MINVALUE
    NO MAXVALUE
    CACHE 1
);


--
-- Name: django_admin_log; Type: TABLE; Schema: public; Owner: postgres
--

CREATE TABLE public.django_admin_log (
    id integer NOT NULL,
    action_time timestamp with time zone NOT NULL,
    object_id text,
    object_repr character varying(200) NOT NULL,
    action_flag smallint NOT NULL,
    change_message text NOT NULL,
    content_type_id integer,
    user_id bigint NOT NULL,
    CONSTRAINT django_admin_log_action_flag_check CHECK ((action_flag >= 0))
);


ALTER TABLE public.django_admin_log OWNER TO postgres;

--
-- Name: django_admin_log_id_seq; Type: SEQUENCE; Schema: public; Owner: postgres
--

ALTER TABLE public.django_admin_log ALTER COLUMN id ADD GENERATED BY DEFAULT AS IDENTITY (
    SEQUENCE NAME public.django_admin_log_id_seq
    START WITH 1
    INCREMENT BY 1
    NO MINVALUE
    NO MAXVALUE
    CACHE 1
);


--
-- Name: django_content_type; Type: TABLE; Schema: public; Owner: postgres
--

CREATE TABLE public.django_content_type (
    id integer NOT NULL,
    app_label character varying(100) NOT NULL,
    model character varying(100) NOT NULL
);


ALTER TABLE public.django_content_type OWNER TO postgres;

--
-- Name: django_content_type_id_seq; Type: SEQUENCE; Schema: public; Owner: postgres
--

ALTER TABLE public.django_content_type ALTER COLUMN id ADD GENERATED BY DEFAULT AS IDENTITY (
    SEQUENCE NAME public.django_content_type_id_seq
    START WITH 1
    INCREMENT BY 1
    NO MINVALUE
    NO MAXVALUE
    CACHE 1
);


--
-- Name: django_migrations; Type: TABLE; Schema: public; Owner: postgres
--

CREATE TABLE public.django_migrations (
    id bigint NOT NULL,
    app character varying(255) NOT NULL,
    name character varying(255) NOT NULL,
    applied timestamp with time zone NOT NULL
);


ALTER TABLE public.django_migrations OWNER TO postgres;

--
-- Name: django_migrations_id_seq; Type: SEQUENCE; Schema: public; Owner: postgres
--

ALTER TABLE public.django_migrations ALTER COLUMN id ADD GENERATED BY DEFAULT AS IDENTITY (
    SEQUENCE NAME public.django_migrations_id_seq
    START WITH 1
    INCREMENT BY 1
    NO MINVALUE
    NO MAXVALUE
    CACHE 1
);


--
-- Name: django_session; Type: TABLE; Schema: public; Owner: postgres
--

CREATE TABLE public.django_session (
    session_key character varying(40) NOT NULL,
    session_data text NOT NULL,
    expire_date timestamp with time zone NOT NULL
);


ALTER TABLE public.django_session OWNER TO postgres;

--
-- Name: featured_table; Type: TABLE; Schema: public; Owner: postgres
--

CREATE TABLE public.featured_table (
    featured_product_id integer NOT NULL,
    our_price double precision,
    badge_id integer,
    featured_items_id integer NOT NULL
);


ALTER TABLE public.featured_table OWNER TO postgres;

--
-- Name: featured_table_featured_product_id_seq; Type: SEQUENCE; Schema: public; Owner: postgres
--

ALTER TABLE public.featured_table ALTER COLUMN featured_product_id ADD GENERATED BY DEFAULT AS IDENTITY (
    SEQUENCE NAME public.featured_table_featured_product_id_seq
    START WITH 1
    INCREMENT BY 1
    NO MINVALUE
    NO MAXVALUE
    CACHE 1
);


--
-- Name: product_rating_table; Type: TABLE; Schema: public; Owner: postgres
--

CREATE TABLE public.product_rating_table (
    id bigint NOT NULL,
    rating smallint NOT NULL,
    product_id integer NOT NULL,
    user_id bigint NOT NULL,
    CONSTRAINT product_rating_table_rating_check CHECK ((rating >= 0))
);


ALTER TABLE public.product_rating_table OWNER TO postgres;

--
-- Name: product_rating_table_id_seq; Type: SEQUENCE; Schema: public; Owner: postgres
--

ALTER TABLE public.product_rating_table ALTER COLUMN id ADD GENERATED BY DEFAULT AS IDENTITY (
    SEQUENCE NAME public.product_rating_table_id_seq
    START WITH 1
    INCREMENT BY 1
    NO MINVALUE
    NO MAXVALUE
    CACHE 1
);


--
-- Name: product_table; Type: TABLE; Schema: public; Owner: postgres
--

CREATE TABLE public.product_table (
    product_id integer NOT NULL,
    vendor character varying(255) NOT NULL,
    product_name character varying(100) NOT NULL,
    product_price integer NOT NULL,
    product_image character varying(100) NOT NULL,
    product_details text NOT NULL,
    average_rating double precision NOT NULL,
    product_category_id integer NOT NULL,
    product_weight_id integer NOT NULL,
    embedding bytea
);


ALTER TABLE public.product_table OWNER TO postgres;

--
-- Name: product_table_product_id_seq; Type: SEQUENCE; Schema: public; Owner: postgres
--

ALTER TABLE public.product_table ALTER COLUMN product_id ADD GENERATED BY DEFAULT AS IDENTITY (
    SEQUENCE NAME public.product_table_product_id_seq
    START WITH 1
    INCREMENT BY 1
    NO MINVALUE
    NO MAXVALUE
    CACHE 1
);


--
-- Name: product_weight_table; Type: TABLE; Schema: public; Owner: postgres
--

CREATE TABLE public.product_weight_table (
    product_weight_id integer NOT NULL,
    product_weight double precision NOT NULL
);


ALTER TABLE public.product_weight_table OWNER TO postgres;

--
-- Name: product_weight_table_product_weight_id_seq; Type: SEQUENCE; Schema: public; Owner: postgres
--

ALTER TABLE public.product_weight_table ALTER COLUMN product_weight_id ADD GENERATED BY DEFAULT AS IDENTITY (
    SEQUENCE NAME public.product_weight_table_product_weight_id_seq
    START WITH 1
    INCREMENT BY 1
    NO MINVALUE
    NO MAXVALUE
    CACHE 1
);


--
-- Name: user_table; Type: TABLE; Schema: public; Owner: postgres
--

CREATE TABLE public.user_table (
    id bigint NOT NULL,
    password character varying(128) NOT NULL,
    last_login timestamp with time zone,
    is_superuser boolean NOT NULL,
    username character varying(150) NOT NULL,
    first_name character varying(150) NOT NULL,
    last_name character varying(150) NOT NULL,
    email character varying(254) NOT NULL,
    is_staff boolean NOT NULL,
    is_active boolean NOT NULL,
    date_joined timestamp with time zone NOT NULL,
    user_image character varying(100) NOT NULL,
    user_address text NOT NULL,
    user_city character varying(255) NOT NULL,
    user_phone character varying(10) NOT NULL
);


ALTER TABLE public.user_table OWNER TO postgres;

--
-- Name: user_table_groups; Type: TABLE; Schema: public; Owner: postgres
--

CREATE TABLE public.user_table_groups (
    id bigint NOT NULL,
    custommodel_id bigint NOT NULL,
    group_id integer NOT NULL
);


ALTER TABLE public.user_table_groups OWNER TO postgres;

--
-- Name: user_table_groups_id_seq; Type: SEQUENCE; Schema: public; Owner: postgres
--

ALTER TABLE public.user_table_groups ALTER COLUMN id ADD GENERATED BY DEFAULT AS IDENTITY (
    SEQUENCE NAME public.user_table_groups_id_seq
    START WITH 1
    INCREMENT BY 1
    NO MINVALUE
    NO MAXVALUE
    CACHE 1
);


--
-- Name: user_table_id_seq; Type: SEQUENCE; Schema: public; Owner: postgres
--

ALTER TABLE public.user_table ALTER COLUMN id ADD GENERATED BY DEFAULT AS IDENTITY (
    SEQUENCE NAME public.user_table_id_seq
    START WITH 1
    INCREMENT BY 1
    NO MINVALUE
    NO MAXVALUE
    CACHE 1
);


--
-- Name: user_table_user_permissions; Type: TABLE; Schema: public; Owner: postgres
--

CREATE TABLE public.user_table_user_permissions (
    id bigint NOT NULL,
    custommodel_id bigint NOT NULL,
    permission_id integer NOT NULL
);


ALTER TABLE public.user_table_user_permissions OWNER TO postgres;

--
-- Name: user_table_user_permissions_id_seq; Type: SEQUENCE; Schema: public; Owner: postgres
--

ALTER TABLE public.user_table_user_permissions ALTER COLUMN id ADD GENERATED BY DEFAULT AS IDENTITY (
    SEQUENCE NAME public.user_table_user_permissions_id_seq
    START WITH 1
    INCREMENT BY 1
    NO MINVALUE
    NO MAXVALUE
    CACHE 1
);


--
-- Data for Name: auth_group; Type: TABLE DATA; Schema: public; Owner: postgres
--

COPY public.auth_group (id, name) FROM stdin;
\.


--
-- Data for Name: auth_group_permissions; Type: TABLE DATA; Schema: public; Owner: postgres
--

COPY public.auth_group_permissions (id, group_id, permission_id) FROM stdin;
\.


--
-- Data for Name: auth_permission; Type: TABLE DATA; Schema: public; Owner: postgres
--

COPY public.auth_permission (id, name, content_type_id, codename) FROM stdin;
1	Can add log entry	1	add_logentry
2	Can change log entry	1	change_logentry
3	Can delete log entry	1	delete_logentry
4	Can view log entry	1	view_logentry
5	Can add permission	2	add_permission
6	Can change permission	2	change_permission
7	Can delete permission	2	delete_permission
8	Can view permission	2	view_permission
9	Can add group	3	add_group
10	Can change group	3	change_group
11	Can delete group	3	delete_group
12	Can view group	3	view_group
13	Can add content type	4	add_contenttype
14	Can change content type	4	change_contenttype
15	Can delete content type	4	delete_contenttype
16	Can view content type	4	view_contenttype
17	Can add session	5	add_session
18	Can change session	5	change_session
19	Can delete session	5	delete_session
20	Can view session	5	view_session
21	Can add category	6	add_category
22	Can change category	6	change_category
23	Can delete category	6	delete_category
24	Can view category	6	view_category
25	Can add featured badge	7	add_featuredbadge
26	Can change featured badge	7	change_featuredbadge
27	Can delete featured badge	7	delete_featuredbadge
28	Can view featured badge	7	view_featuredbadge
29	Can add product weight	8	add_productweight
30	Can change product weight	8	change_productweight
31	Can delete product weight	8	delete_productweight
32	Can view product weight	8	view_productweight
33	Can add product model	9	add_productmodel
34	Can change product model	9	change_productmodel
35	Can delete product model	9	delete_productmodel
36	Can view product model	9	view_productmodel
37	Can add featured product	10	add_featuredproduct
38	Can change featured product	10	change_featuredproduct
39	Can delete featured product	10	delete_featuredproduct
40	Can view featured product	10	view_featuredproduct
41	Can add cart	11	add_cart
42	Can change cart	11	change_cart
43	Can delete cart	11	delete_cart
44	Can view cart	11	view_cart
45	Can add best deal	12	add_bestdeal
46	Can change best deal	12	change_bestdeal
47	Can delete best deal	12	delete_bestdeal
48	Can view best deal	12	view_bestdeal
49	Can add custom model	13	add_custommodel
50	Can change custom model	13	change_custommodel
51	Can delete custom model	13	delete_custommodel
52	Can view custom model	13	view_custommodel
53	Can add product rating	14	add_productrating
54	Can change product rating	14	change_productrating
55	Can delete product rating	14	delete_productrating
56	Can view product rating	14	view_productrating
\.


--
-- Data for Name: badge_table; Type: TABLE DATA; Schema: public; Owner: postgres
--

COPY public.badge_table (badge_id, badge_name) FROM stdin;
1	Hot
2	Sale
\.


--
-- Data for Name: cart_table; Type: TABLE DATA; Schema: public; Owner: postgres
--

COPY public.cart_table (cart_id, quantity, cart_item_id, user_id) FROM stdin;
\.


--
-- Data for Name: category_table; Type: TABLE DATA; Schema: public; Owner: postgres
--

COPY public.category_table (category_id, category_name, category_image) FROM stdin;
1	Dairy, Bread & Eggs	category/dairy_MfvHFvp.png
2	Snack&Munchies	category/snack__munchies_rmxW7LO_ITAu6RR.png
3	Baby Care	category/baby_jubsvkY.png
4	Atta,Rice & Dal	category/atta_0RgrnOl_4VNX8fN.png
5	Fish,Meat &Chicken	category/meat_eM9B5Kn.png
6	Tea,Coffee & Drinks	category/coffee_HkbmfII.png
7	Bakery &Biscuits	category/biscuit_4e3vIIW_5wdpSOa.png
\.


--
-- Data for Name: deal_table; Type: TABLE DATA; Schema: public; Owner: postgres
--

COPY public.deal_table (best_deal_id, deal_duration, deal_items_id) FROM stdin;
1	518400	1
2	43200	2
3	2529200	8
\.


--
-- Data for Name: django_admin_log; Type: TABLE DATA; Schema: public; Owner: postgres
--

COPY public.django_admin_log (id, action_time, object_id, object_repr, action_flag, change_message, content_type_id, user_id) FROM stdin;
1	2025-11-06 14:27:47.396059+05:30	1	Dairy, Bread & Eggs	1	[{"added": {}}]	6	1
2	2025-11-06 14:27:57.504401+05:30	2	Snack&Munchies	1	[{"added": {}}]	6	1
3	2025-11-06 14:28:07.164862+05:30	3	Baby Care	1	[{"added": {}}]	6	1
4	2025-11-06 14:28:16.127682+05:30	4	Atta,Rice & Dal	1	[{"added": {}}]	6	1
5	2025-11-06 14:28:27.757273+05:30	5	Fish,Meat &Chicken	1	[{"added": {}}]	6	1
6	2025-11-06 14:28:37.924597+05:30	6	Tea,Coffee & Drinks	1	[{"added": {}}]	6	1
7	2025-11-06 14:28:52.382496+05:30	7	Bakery &Biscuits	1	[{"added": {}}]	6	1
8	2025-11-06 14:29:17.449486+05:30	1	FeaturedBadge object (1)	1	[{"added": {}}]	7	1
9	2025-11-06 14:29:21.840985+05:30	2	FeaturedBadge object (2)	1	[{"added": {}}]	7	1
10	2025-11-06 14:33:05.43408+05:30	1	ProductWeight object (1)	1	[{"added": {}}]	8	1
11	2025-11-06 14:33:08.382916+05:30	2	ProductWeight object (2)	1	[{"added": {}}]	8	1
12	2025-11-06 14:33:11.2083+05:30	3	ProductWeight object (3)	1	[{"added": {}}]	8	1
13	2025-11-06 14:33:14.026916+05:30	4	ProductWeight object (4)	1	[{"added": {}}]	8	1
14	2025-11-06 14:34:56.436972+05:30	1	ProductModel object (1)	1	[{"added": {}}]	9	1
15	2025-11-06 14:35:45.935081+05:30	2	ProductModel object (2)	1	[{"added": {}}]	9	1
16	2025-11-06 14:36:18.480756+05:30	3	ProductModel object (3)	1	[{"added": {}}]	9	1
17	2025-11-06 14:36:46.406039+05:30	4	ProductModel object (4)	1	[{"added": {}}]	9	1
18	2025-11-06 14:37:15.200906+05:30	5	ProductModel object (5)	1	[{"added": {}}]	9	1
19	2025-11-06 14:37:42.308973+05:30	6	ProductModel object (6)	1	[{"added": {}}]	9	1
20	2025-11-06 14:38:10.68523+05:30	7	ProductModel object (7)	1	[{"added": {}}]	9	1
21	2025-11-06 14:38:44.948148+05:30	8	ProductModel object (8)	1	[{"added": {}}]	9	1
22	2025-11-06 14:39:13.824613+05:30	1	BestDeal object (1)	1	[{"added": {}}]	12	1
23	2025-11-06 14:39:20.523158+05:30	2	BestDeal object (2)	1	[{"added": {}}]	12	1
24	2025-11-06 14:39:27.074844+05:30	3	BestDeal object (3)	1	[{"added": {}}]	12	1
25	2025-11-07 11:06:58.206351+05:30	1	FeaturedProduct object (1)	1	[{"added": {}}]	10	1
26	2025-11-07 11:07:10.635454+05:30	2	FeaturedProduct object (2)	1	[{"added": {}}]	10	1
27	2025-11-07 11:07:20.579164+05:30	3	FeaturedProduct object (3)	1	[{"added": {}}]	10	1
28	2025-11-07 11:07:39.567938+05:30	4	FeaturedProduct object (4)	1	[{"added": {}}]	10	1
29	2025-11-07 11:07:50.576403+05:30	5	FeaturedProduct object (5)	1	[{"added": {}}]	10	1
\.


--
-- Data for Name: django_content_type; Type: TABLE DATA; Schema: public; Owner: postgres
--

COPY public.django_content_type (id, app_label, model) FROM stdin;
1	admin	logentry
2	auth	permission
3	auth	group
4	contenttypes	contenttype
5	sessions	session
6	Adminapp	category
7	Adminapp	featuredbadge
8	Adminapp	productweight
9	Adminapp	productmodel
10	Adminapp	featuredproduct
11	Adminapp	cart
12	Adminapp	bestdeal
13	Adminapp	custommodel
14	Adminapp	productrating
\.


--
-- Data for Name: django_migrations; Type: TABLE DATA; Schema: public; Owner: postgres
--

COPY public.django_migrations (id, app, name, applied) FROM stdin;
1	contenttypes	0001_initial	2025-11-06 14:16:17.044296+05:30
2	contenttypes	0002_remove_content_type_name	2025-11-06 14:16:17.057359+05:30
3	auth	0001_initial	2025-11-06 14:16:17.109748+05:30
4	auth	0002_alter_permission_name_max_length	2025-11-06 14:16:17.118293+05:30
5	auth	0003_alter_user_email_max_length	2025-11-06 14:16:17.12429+05:30
6	auth	0004_alter_user_username_opts	2025-11-06 14:16:17.129291+05:30
7	auth	0005_alter_user_last_login_null	2025-11-06 14:16:17.134309+05:30
8	auth	0006_require_contenttypes_0002	2025-11-06 14:16:17.136289+05:30
9	auth	0007_alter_validators_add_error_messages	2025-11-06 14:16:17.14043+05:30
10	auth	0008_alter_user_username_max_length	2025-11-06 14:16:17.145827+05:30
11	auth	0009_alter_user_last_name_max_length	2025-11-06 14:16:17.151862+05:30
12	auth	0010_alter_group_name_max_length	2025-11-06 14:16:17.159172+05:30
13	auth	0011_update_proxy_permissions	2025-11-06 14:16:17.164337+05:30
14	auth	0012_alter_user_first_name_max_length	2025-11-06 14:16:17.169338+05:30
15	Adminapp	0001_initial	2025-11-06 14:16:17.31846+05:30
16	Adminapp	0002_cart_user	2025-11-06 14:16:17.334084+05:30
17	Adminapp	0003_productmodel_embedding	2025-11-06 14:16:17.3409+05:30
18	admin	0001_initial	2025-11-06 14:16:17.368756+05:30
19	admin	0002_logentry_remove_auto_add	2025-11-06 14:16:17.378868+05:30
20	admin	0003_logentry_add_action_flag_choices	2025-11-06 14:16:17.386426+05:30
21	sessions	0001_initial	2025-11-06 14:16:17.401815+05:30
\.


--
-- Data for Name: django_session; Type: TABLE DATA; Schema: public; Owner: postgres
--

COPY public.django_session (session_key, session_data, expire_date) FROM stdin;
taa4ltabzb6wh5uoxvhuo1sh8vfl9tqm	.eJxVjEEOgjAQRe_StWmYgRmoS_eegbSdqaCmTSisjHdXEha6_e-9_zKj39Zp3Kou4yzmbMCcfrfg40PzDuTu863YWPK6zMHuij1otdci-rwc7t_B5Ov0rRmYgBlC13hFN1DH2CpRbJGxF3SSGkouIiVuhuRgQNHogF2AnoKY9wenZDbF:1vGvn7:Jj2WIp7HiXAPEY1zQmoivhr7OwC9V4u3YDL9EN2gl6Q	2025-11-20 14:26:25.108518+05:30
\.


--
-- Data for Name: featured_table; Type: TABLE DATA; Schema: public; Owner: postgres
--

COPY public.featured_table (featured_product_id, our_price, badge_id, featured_items_id) FROM stdin;
1	230	1	1
2	250	2	4
3	25	2	7
4	15	1	3
5	300	1	8
\.


--
-- Data for Name: product_rating_table; Type: TABLE DATA; Schema: public; Owner: postgres
--

COPY public.product_rating_table (id, rating, product_id, user_id) FROM stdin;
\.


--
-- Data for Name: product_table; Type: TABLE DATA; Schema: public; Owner: postgres
--

COPY public.product_table (product_id, vendor, product_name, product_price, product_image, product_details, average_rating, product_category_id, product_weight_id, embedding) FROM stdin;
1	Bru	Bru Coffee Gold	250	products/brug_3XEowLQ.webp	Composition: 100% pure granulated coffee, free from added chicory. ​\r\n  Flavor Profile: Offers a smooth, rich taste with an aromatic essence, capturing the authentic flavors of South Indian coffee.\r\n  Versatility: Suitable for preparing both hot and cold coffee beverages.	4.5	6	1	\\x8004958d060000000000008c166e756d70792e5f636f72652e6d756c74696172726179948c0c5f7265636f6e7374727563749493948c056e756d7079948c076e6461727261799493944b0085944301629487945294284b014d8001859468038c0564747970659493948c02663494898887945294284b038c013c944e4e4e4affffffff4affffffff4b00749462894200060000670924bd5188d2bd18a856bc9cca1e3c6c99193d17b84c3dda43753d97f14fbc60d260bd0dad32bc32d949bdbb4aa7bdaea3c1bc27c07dbd71e4853d3ac74cbd49e9bb3d16ca98bd0d2c913c261303bd2aa0ea3ccfa1a8bddff830bc3ab1bd3d4d29ef39b9188a3d7ed0b53dddcd42bcd8cb13bcef8f89bcd28330bc0976233de11f883d5b4514bdcbe30ebec9bafdbceef7933d56915bbc635f2d3d7efef8bc886a86bd6b42843d0470fd3cd9ef243afa77973c4a5111bda700a33ab6ba36bd2da883bdd1592a3d0eb90abcfc55163dcf1081bd2701093de834033cc5f525bd4c1680bda3eb3abdb4643b3de587243db03284bdf47928bc76f29ebcce4f133d41cf443d681a3cbdd363b7bdad6bb43d7242933ca50e3bbd7af7623d74c7b3bc7bd9b53bd809f0bb5be03dbd9b3bc93dc8b3c53d9f8c583d304484bbcf718f3d6a7819bce49b303d0099c23dfa6bc43d7306b4bcf24397bd50106a3d391f0dbe1461b2b982c8c4bd9e7e303de175c43c98d754bc71c7343c84aedcbb118a663dc185833de5957dbd1370533d7a1b13bda68c0abdc0bfe93cdc2d763cfb71acbd5cdcb73cfa2ad13cfac046bd3721313d47be233e4623b23c63c2203d493593bc1acc2abd33518a3cde4cbbbc5cb096bb4ae581bc88b1e5bc8cfa18bd6a41883ce49a95bd8c498dbd2ca6813d409cf6bc5f6075bd1c232bbda29de83cd8ff8a0972c1583cb515d5bc777e03bccfa524bd1616913da6cfc5bde6ed6fbd058d813b819475bd0d754a3ca6c3fcbcbb65b73d63ee0cbd1d5a423d479cabbb2e06323ce439bebdd13410bde097653d6e10603c9d8c263bbccf9d3d29450b3dac17ff3c6e66a7bd3e56763aaf0c563d4515493c87a71bbd947c4d3c2a30d63c775e133cdc8c5ebc09b7163db12d95bd93facf3c7dce95bdd8d937bcd264b2bcf8b2363d4ea0cf3ce2c4f13ca7f1633b29bbe83c3fd5afbddf93a5bdd0c1c73bc7aa04bd310f19bd693c463d4df7b2bdc98e5d3c9d6c46bad76aab3dd6890dbd6231b2bcf1781d3d805a5c3d360f0c3e0b5447bb409057bb01d691bcd8c2bdba394309bdcb6e76bc640a4bbd2d2a463c4db7dfbb155c813d8e795ebd79d6f93c3ae9013c87a398bc57fdd13a311f373de0bd81bd0664683d70ded8bbd66ca23dca42ca3d0149b5bbdb7225bcc46d9c3c85a1963ddf690ebd734b463aaf489dbd9a33093dc399b43a13e4083b71a457bdf927633b2621623df137143da4970ebddf286c894049483d33f2c9bdff834ebcc653903d193ced3c86bcff3c9b42203d7e4227bd72cb493d6a37363d029d9d3de4e41a3d773c373a2fb5ab3d643cbabcc18d633d3350243dc9e57a3da279ebbdf8fdf53b27fdeb3c71a37b3c049f9bbd20cf73bd73f37bbc0ac3d53c5fecb9bc4951ee3be4ee1cbd8e264a3d96e8bd3c17f3753ce97025bc1e1b0bbd5235b5bc4dae98bd49ca1a3dafb94f3c443dc0bc2049c83d5916fc3c51527d3d95f4143d327d123db97ab13dcd2cf9bc2583c0398c3c62bcf66320bd7d960d3ee78a3b3d13e8c0bc395a92bdbf77dd3cc6781ebde4dbccbd7aaec5bc8522503d6c10a5bd7b2b163c470019bdbbf4a23dc0f38d3b062b55bd42a2c43c36e1dc3de4f348bdb7667d3b683227bb5c7d08bd1b69833da3be99bd6ca2213de3e8363ccccda53d6e5faebcc875793cd5659fbbe21cf3ba138867bc7ec58b3d81bede3c9f34cf3cb8b6893cdfee0d3d5c47673da07984bd82812fbd7da5363dae2cbb3ce94f163d37e0a3bdad822cbca9d8103c94d2693dae8512b306a0a7bda2b9b2bd91e913bde753233e6ab41dbd3b3c563df5d1e3bcdebb8bbd9cd22fbc6ceffebc5fff4b3d220c3d3dc70feabd287fd1bc3d2a20bdec26073da499993d01bd8f3df531d2bc843405bc360d5abbe4da08bc8933ef3d3b53e43cab7ed03c89ec74bc2131cd3b8d036cbd95d3a43c253bb7bd8f2f6dbd9bc7ef3c64df62bd56b7f23ce567b73b8f50cbbcb7a11d3dd625f53b5ac235bdb648c0bc0af42b3a0ad6b8bd5c798fbd292f86bdd8bb48bd25c83c3db86524bd77e73c3d3b3cf5ba2a7f823d664fb6bc531560bd38a7863dd0405bbcd2c343bdcb04143d3a8420bb975d4fbdbb34bf3ce919abbdd0364e3d70965f3ca368b33c461bb8bd947494622e
2	Nescafe	Nescafe Classic	750	products/coffee_GUSlafI.jpg	Flavor Profile: Full, bold flavor with a rich aroma.\r\n  Roast Level: Medium-dark roast.\r\n  Ingredients: 100% pure coffee without any additives.	4.9	6	2	\\x8004958d060000000000008c166e756d70792e5f636f72652e6d756c74696172726179948c0c5f7265636f6e7374727563749493948c056e756d7079948c076e6461727261799493944b0085944301629487945294284b014d8001859468038c0564747970659493948c02663494898887945294284b038c013c944e4e4e4affffffff4affffffff4b00749462894200060000db40813ca0d8c1bc849b6ebc54ea333da87f823c0be0c03c7896343d40c8863b9c645cbba9ffbb3c5a09e5bd7b579fbda51b6cbd2380a73c03b91fbc2a0cfbbd9d05773dce4b71bdfc328b3d508298bb215e18bd90d8e7bc6110983d1e09143d2f7c043dea7f3e3d3868783d4d19713d14463dbd4439e4bb95ce12bdb40b13bddf4ad13dcb0629bc3ea3b5bd9364d4bc2d648f3d1a6122bda75d9d3de50c323d5ff1ffbc6cd1463d42940abdbc5e8e3d1a20b23bf993ba3c317db7bad8b0d5bd2832713ca175d63c79be9fbde33661bdfb95dabc4997d43c4295ba3de770f6bc2d0b8ebd6f6d8c3b9388103de2ed713d8edb36bd69f499bd6b6a48bd99ce173dbb8b15bbe33cc3bcd7029bbd8b10a63daddd533d98200fbd23b1bfbc0dec763d58e0433d1aa350bd562c8dbd0981c03d16da803de5c0313d15ad3d3d81c1153c7c6898bc6a76cfbcf29d4d3cc74e0f3e125cf7bc2d02e93c530d403dc4cac0bd6672243dba01923ccbbc893d185d803db1de19bc9982e5bb50241dbbfa185cbbe8fb693c8330b2bbcb9ae13c215afdbcccd66fbc775e033c3e440e3d6ec4bbbc21c6c63c4cf9833dbc0b15bd4aa1b63b5b64c43dbb169d3cb8f2603c3e77313c7cd9a1bd29a90ebd93be11bd669ffcbcff3982bc03f758bdaeadeebc14c9d8bc1d464fbde0fc37bd67c0123dcdb1cdbb25edd8bd12beaf3c695d463d19c41a09fde303bdc76cfd3c71ce5e3d46aa863a42f2893d638f96bc4363f2bc06c585bcb290b0bd445caa3b2ad6f5bc1fce123d51e3f7bd8e69df3c9e4caf3bc4e0043d9e7399bd029500bd23c14b3c5ce6083cf9529b3cf769d83d3535373c1d865c3aa22c9bbc389ee7bc5fe503bd48fd38baff4cdebdef2910bc45430abb0d6d5d3c444500bd9d109f3c6c37e4bdc03038bdba3fe43c239a1a3cb1a0eb3c7e478c3d3d0a86bd255c293d5dbfd3bb8779013dd77dccbd73b4b6bd6f4436bc7aad9abbd2965c3d23f8fb3d89074cbd66184bbd65e0e83c0086343d78b70bbd0504df3b451cbeba8551883d325eab3d0ff4213c8931e83c82e1883b89e9903dc31de4bc138b8d3c5df30f3d8f9b45bdfae614bca8101a3d3e00913c0f2e203d892e6a3d3fa5f5bac262dabdaf7b1e3d3a31a1bd38d61dbcf6410e3d9793303d8166e73cbe569ebcdc75c1bdd1c703bd00c1c83d24c83cbd4cc4ac3de5e22a3de9839cbb70ecf4bccbb1873d7c1e54bd495f683c1eef173d80b8cabb10e530bd8b482e89746cd73d9850e4bc39af33bd2273d33bc1749abdbc2cae3c395b6abc15b785bd2828acbb5224ffbb1f8e613d31086a3b12a38c3d82d62b3d2b4bfbbda191293d3645cfbcba5dcc3dc47394bc4f40d0bc2cb9a83d2a867c3c83af9cbde0a9423c0998a13dafb263bba4e6553dc438433dfd252fbd62e7b3bcdc1d953d95c746bddeaaa93c099ed8bcf8e077bc862eafbc8aa4613ddfbaebbc9e9c3a3d81492c3d66fee7bc2234573d75f63d3c53157b3c6ac1833c6531f4bcbdc346bdec1472bb83c12dbb2a4f773d33cd5b3c017a70bd1e63c1bd02cc993d9fa36cbd683201bd7badb7bb03c1f63c465943bd5cc751bd1227acbc15633a3d230f39bd6756afbdad11aa3de4c34c3dfd3575bddbe096bc34de173d3722d9bcf9d65f3d32f7a1bd69351d3d2f62133d4d50263dde9e0b3de6bd503dd369253d23cb413d3058bf3dbf9fc73d085cc83c51b2e73cc3c75c3dc1b202bd50e6463d5ade8dbca0283abd9dc92a3cdcdeb73da871ac3c85e800bd5095bdbc4122743dabb19d3d21c008b3d210abbc0176c4bd6a2e8bbd39559d3de10b22bc76d23ebcd51c34bd369296bdb40869bc9cf89bbb7030993ceecaa43c99b761bc026d953c21d4f9bccd6f5b3d3890273d3d62163debf9f5bc2f08a93d254a09be53151abdb701ae3c44ed43bd192dcb3c1b831cbd817c48bbc3af8cbdfe79d33cebbb2cbd557b91bdf235b13cc12fe03aabcc86bcd84c3ebde1a75b3df03185bd7d7c67bb4678c1bde70112bc52b219bd2f1a1ebe42d639bd221970bd78e202be8f33dcbbc652bcbce6f2883c81b403bd6c93773dddbb443d04dc5b3deeab5b3d87247a3c018fc1bdf9437c3d5208a7bc55b7933d952f3e3cbecc78bd7e559a3dcb29643dc1b41c3dbbf5a4bd947494622e
3	Bingo	Masala Potato Chips	20	products/bingo_tdeZD3c.webp	Key Ingredients:\r\n  \r\n  Tapioca starch\r\n  Edible vegetable oil (Palmolein oil)\r\n  Rice grits\r\n  Seasoning mix (Spices, salt, sugar, onion powder, garlic powder, tomato powder, etc.)\r\n  Added flavors (Natural and artificial)	4.1	2	4	\\x8004958d060000000000008c166e756d70792e5f636f72652e6d756c74696172726179948c0c5f7265636f6e7374727563749493948c056e756d7079948c076e6461727261799493944b0085944301629487945294284b014d8001859468038c0564747970659493948c02663494898887945294284b038c013c944e4e4e4affffffff4affffffff4b007494628942000600007b649bbc4cea57bd2c7df9bc3e700439f9f5883cbe6f7fbc173e80bc7b7948bd4c15c4bb3c0b79bdaf0c413d4f4f8fbdb5900cbebecfa8bd313d0c3ddc566d3c3ab5d63de9030c3d5b211c3de73f0dbcec246f3d58af393a6889213d1db8a03afbd1ea39860ff33de23bf53c5aed063c677e85bb85a9ddbc99d9cb3dec0d873de218543d87a5dabc648d6d3d5d8610bd01b8b83cadf0c6bd33691c3d7ac981bc196e8c3d6efc94bcb6c5223dda36a5bb30bc1d3dc0e728bdb300373b65c01a3c13643a3d144bb0bb961a99bcf1068ebd85dbdf376e23c2bceae83a3d43b1c8bda678aabc8ca91b3d83abacbc8220c63d8579053d058a0f3d0f6f003c76c539bd1afa38bc81d265bd4db0bbbd55d4f3bc4fc98f3ca06fdfbca6d36bbc2ce352bdd324e63d1b82c23ce2ceafbdf9ed3b3d9bc6ad3d93bb37bb2af4ad3d52fdccbcbeff82bde468cbbb5f235b3c2756fe3cc75574bcf4eff53b3a7d48bd34bf7b3cf84e423ddc0440bd6d18e1bbfa4805bd475d8dbd3c925ebbc91a4e3d290871bca54c203d842f9dbd0ec594bd4ee7e23cc19303bcae74c73b5dda0fbd9f05e8bcf97a64bd3bed213d101d7b3a21a3d0bcfcee81bd58644f3d1436f9bb926aa33d3d9f56bdb52b56bc344acabc6d000cbe197d403dfdb39d3bf97bc03cc95229bdcf9f16bd80e0fabbdff2c33c5f0533bd4db2613d65feab3ce38d2b3c13cc8109a282e23c9722363c9ce560bdbcb581bd50f4103dcbf653bd4601cc3cee1c19bdbaeb843d44a786ba1c8974bc22f84fbcf022bdbd48cc213de8ec8a3d3c3d8bbca8a656bdc0e798bd55c9cc3d35be34bd00e647bd99d72fbb88addd3ca5970f3d0eeb1fbd7a570d3be1b00bbc7c31adbd7284623ccfa0203a38a9e63b9f89a03d3bb277bc945b08bd40a390bd90be793d59dd17bcfdd2e4bcb8248dbd45cf9d382627423d36dc893bba0cde3c82af0dbd4d779fbd88f12dbd76a3c53c6a58893df65cf63d81371cbcab07913cfee595bd68b57c3ceb968d3be4aaf1bb2d1c943b34d1b53b66c6a1bc59b5adbc1682cf3bfa65dbbdb4a77ebd56c9f33c81077abcbe23cebcd8cb2d3dc1e922bd6ebd3b3dbddb743c7bcd993b341b1b3a81f707bde2d83b3d200548bc3780c5bdd97422bd6f8c673dae52663d4d8976bba80eb23babb4243ef63b28bd6d95173d7fa21e3cdaeeb5bc5e34e53de37221bd8a6264bde7086c3d4afcd7bc3be788bd31333fbb62420b3d75dce0bbfe0dd2bd9cbea78975473b3daee3e4bc5775073d7c29bc3d5c47973c42a2503c388181bd878d87bd2eda823d2ff5babc1579a7bd22f3e8bcf5b6553db7c6d3bd563233bd7c2aba3de80cb3bc4c860f3e9ddc863d4c139fbd214b15bc6239a83d5aa4d73cde14313b0c67b03c94c0fabc4900683dbb98883d746374bbc95584bddf95053e4880d9bd36ea8b3c04a89dbd1b021c3d5ef2fe3b861c283cf1fe4cbcfa8d0e3d32fcb63d72d4d53a48f7043dd1f9cb3c83b25a3dfe8ae8bc4ecb0ebd2631bebc6a35033d306d84bd92cb0bba6f326f3dc692afbdb2b5c5bd761cfdbc759123bd3c58a33de34d32ba5e60843c40cb10bd2ee59abb8b5f08bdc429d03cce2c29bd614403bd3e66d53d7f58113c589b8ebb075a9cbd1499813dea0c7f3d5644ff3cc0e948bc42f4213d3594393ddbd9923d9c73abbcd5c6a3bdbdfd1b3d5ba59e3d38fd80bcdc3fce3cacd66dbc5f9b15bc14dd003d42de183da18fed3defa46bbd1eedac3d2226f03c490d193ce93e273dad7abb3c1328293d1b3e663da8a2103d541814b36631af3d0df5e8bc817d8dbde4daa83c8bfe84bdd3d4843c9d87e13cacfb94bbdb71c13dc2944b3bd069c93c8fa49d3cee2297bd3a96e8bbd11692bd1abb133ca3ad8bbb2d33213db6593bbd717ff2bb21a53b3b915de8b9f526093d967fc8bb125415bcf38cabbc27e66fbd30b4583d707b2c3d538c083e92e4d3bc86bfc1bc4c0b6a3df0acdcbd2c6c033b4271563d1e92223dbf8f8cbd6f24e33c2a9c30bcaef61dbde12d81bd740c8c3c24451fbca5cd25be77a02bbd69db7ebdcc85b13da60b86bdbf690ebbddabc33ccd7fbe3ce6cb31bd637f0cbc61135fbdb64ea3bc2279323b94931ebda300e83d32d913bdd1d7503d6b5b2b3d10ba40bb2de9df3c947494622e
4	Milky Mist	Fruit Yogurt	300	products/yogurt_2Jd4u8J.jpg	A creamy and delicious yogurt made from fresh milk and blended with real fruit pieces or fruit puree. Perfect for a healthy snack, breakfast, or dessert.\r\n  \r\n  Nutrition (per 100g approx.):\r\n  \r\n  Energy: 90–110 kcal\r\n  Protein: 3.5g\r\n  Fat: 2.5g\r\n  Carbohydrates: 15g\r\n  Sugars: 12g\r\n  Calcium: 120mg	4	1	2	\\x8004958d060000000000008c166e756d70792e5f636f72652e6d756c74696172726179948c0c5f7265636f6e7374727563749493948c056e756d7079948c076e6461727261799493944b0085944301629487945294284b014d8001859468038c0564747970659493948c02663494898887945294284b038c013c944e4e4e4affffffff4affffffff4b00749462894200060000160ba93ca4c25f3cfa855b3df39eea3c47e0593c513a1a3d7a1f8d3df15bb43d96c48e3cf8885e3c2286e0bc4b9688bd3301a9bd8e28babd8c7f273d45bb82bb88b4df3d0c98133d72d5e5bcbb14c5bd7a0cb23da272abbcd52e863dc178643bbeccb73d67771dbd3c1c3a3dce1586bd1a8844bd1b6285bd2d29d9bdb37e78bda088c93c20879b3cea4c4ebd6957243dc01bfb3d0244eebd77c10fbb48d037bd6c50763c70b1e83d20c5c73dde611fbd4397c7bc7c90263d605a813c0f258abca3511b3c7b99563d387b8abdbcea1bbdc25b633dd979ec3b8c73bd3d1482133dcaf2a4bde3e85ebc25c684bad764013ca60f3b3d555675bb5607773d752cebbc2795523cc40524bdef108ebda7faccbb852040bc1e6052bd9b415abd2dcb283c9f8d113d653ba03b4741bebd666f643dfc6e0a3dd61b9dbd76e4eb3c5d1e893dc66387bc8908283d18593c3df9119e3c76efc83c4e4954bd3605223d55fbaa3d3c2d213dc398e73b8876b0bdb611893cce09023da1eb353df581703da56f6cbc5899cabd9f8bcbbd878f4dbdee95723bebaf9dbb3e6c1e3d5b11093e3ed803bdb25c6ebd66de643d01f410bd6cbdf63c0e454c3d7ba7c73d0b237f3daac017bccf4f75bdcbbc4c3db93f80bd40e2e63b70220b3d928ddebc67d145bdb9d8dbbc8148ce3ca21a31bc66ff833dd21126bdb57256bd2b6d21bdc432b13c21e8bd09629ba0bdc70c2a3c105c383d75b624bb6f993b3dca7de33c8799fdbb7cb1413d059aca3d830dc0bc8fc42fbde12eb8bb0ba0d63c5163cf3dc9eba0bd02448ebda54e873b0a2eb0bb2d93103c4736383cef660abdd62c573d5b81503be3289d3cbd0f9bbc59ceffbcf6a25dbc5fda823b6fc5273c404e04bd91770e3d320e14bdc9e052bbf3c51bbb9cab89bc98258fbd941305bdfcb129bc3b22653a7d6d9d3d0b802d3db91c42bdaae4983da3186dbca8748ebd0ce78bbc8d4e163d82c4f33c11e61dbcb5aca23d89fa6c3cb0333ebd58d3f0bdd542eb3b4166a6bb908483bcd55967bda461783d0438cabc67dc963d9a0d37bd5ee81abd4341343ce108f63be7d353bd7dbc7e3cc75f92bd82a781bdb38ea7bc152ac83c4fd61a3d212bb8bd1707b63cc1af6bbd5e693dbb8c2deabcc8aebfbc69ae893cbbfffdbca21f8f3d290546bd3796e1bc0f9f4cbd87f6cf3b79648dbdc07aca3c6194cabd4bf4df3cb334ff3d59ef953ddc8d90bda5765e3bcd9fd13b0b37943ded2fbabdd13ca4898980c63bf67b163dfe7506bdd6cf563d129d50b9e77093bd67bdbe3c01ddcb3c4dc510bdc6edbfbdf66074bbb481f6bc6ed2093c515293ba8fb5eebca636833dc3ca03bc3c7ca33d1197ed3a9bee833d0f35893b9150cb3d1d06723c86742c3d6573033eadfc843d3e2e5e3d768b83bc62c988bc6dac2fbd8775dd3c3325febcaaf7a93ce31987bd7fa901bb3d3b583c11f2863ddb8892bde1a591bc433d863d2e4c9e3cc138703ddcff70bd21d933bca469b9bd161c063da028c23b891de6bcd4233f3cea8d133d2036663b156c90bd63d49e3cec4b8bbdd8b217bd6829f03cae6c8ebdeaab883dd31bb13c4860a9bdb0283dbd3614f8bc4d869e3d305f7dbde4e7df3c3055db3c468c32bd808236bdc531b33cfaa4653c0d926f3b8d8f183d82cba23dba5c353dbb8c133b448ffabc8fee043dcf24d5bd4ec7753d8188a0bbf04238bd0730d23c10886cbc082a00bd8978e13c682f943d9d2847bd9b143d3a7382c63beb67ae3d1ba2a0bd54da06bd759577bcdfff263e87a25b3de7cb34b3c3079b3db3a587bdc81fd4bd55c5ac3cdbecc2bc3ce12abc900f87bc6eace0bb3f08ca3c95df973c3971d43c0361b83de6d9aebd464c0b3da7378abdf05694bd8be800bde253b63de01d64bc9b4c1a3bffa6873c321fbabccf5da6bdc01b733d14ed883d0afc463c7cde0ebdc31d5f3b41ff2abc6af4273d96c629bb05c0a63c6a8c283c39ff06bc939d7fbc90c34dbc4b0876bdb3bcf53c24f1f5bc6da06abd04be513dace193bc32d83c3d8c8c1fbc3f2dd0bd452ab1bd359d61bd0422dc3c0d9292bcb077923d3fccc23ca827083c1e6d3fbd7e013a3db015eebc78c4bcbc87011a3d2fe899bd0b6191bd4fc9b23c26cb1abb874294bbd632c03d73a4d1bd947494622e
5	Lay's	Chile Lemon Flavour Potato	20	products/lays_fGD0w7S.webp	Made with 100% real potatoes\r\n  \r\n  No added preservatives\r\n  \r\n  Infused with a spicy chili kick balanced with zesty lemon flavor\r\n  \r\n  Light and crunchy texture, perfect for snacking	4.5	2	4	\\x8004958d060000000000008c166e756d70792e5f636f72652e6d756c74696172726179948c0c5f7265636f6e7374727563749493948c056e756d7079948c076e6461727261799493944b0085944301629487945294284b014d8001859468038c0564747970659493948c02663494898887945294284b038c013c944e4e4e4affffffff4affffffff4b00749462894200060000eb7332bd0c2dbbbd4a5c91bdd768a63c7337193d659aea3c04b78abc14fc6cba5f9a1f3de71557bd2346f33db6388dbdaa1000bd3b5f9fbdd53e883d6d66243d5106c63d3013773ca824943c63294ebdc9fab0bc904459bd838497bb4cb91c3ce8e2abbc8f55183d47f1f43cad98d5bc732a763dbd957dbc4355983c30e38e3db9a7923c77587fbc583208bd06da4dbdd00402bd36fcc8bd0006d93c4a512e3c49df983cddfde7b923879b3b7f3a083c28cc0e3d89b8803cf2d384bbd190303c08a012bd55d286bd6ba82abdb1bff03b69dc173db7d15abdd68ec63c79d240bd38fb40bd41fca8bcdd458abc830ba73df654303c9b516ebc530e973c1e4e96bd37d290bdb3fd393de2ea96bd3496123b356f963d1bbb35bd6c0351bc75aa0ebd6bf28c3bcc0c003d6f5799bd591fa63d7494a03dbead1e3d6f93bfbc5d2a233c954e9abc0cc42fbc3e761dbc9ce707bd8cf1b73c736b4a3cdeef27bd72d019bd1b4fd63bcb0940bcd19e3f3c4a2ddab956545dbc96dc5fbd362f16bcd2ae683dde3f8c3b89869cbde18a32bdb557bb3c751806bb443da93dbc79d1bda0d717bc1e74e8bcb48decbc20534d3d3f961c3ce2156bbc9b01913d9fa1ef3c567a2abd487d54bdb91b85bd33c7dfbc26a3babd2821273daa4a5c3d5de7b43c404e1cbdc434cdbb189ee1bbdb689bbc0528b5bc4f21b1bc8ccea5bd734f123c89950c0addd0503d9ba0003cec903abd93bcc7bad41f123dc0a6d8bc0200e0bbc748c13a3d1dad3c524077bd64b330bd1084b4bc1efdc5bdc3b87f3d9351323dda6bebbbbeba54bdda9cbcbd1e41a93db87487bd5c885bbd6e62cc3bdb016b3d2484003c6bd8b8bc93f90b3d69ca1bbc8ad8bbbdbb308ebc60011abd24b73cbd72dc253d2993f53cc3c6b83c21bc88bdad62053d6ebf2ebd53dd7a3c9154dbbc85dc803d87db843dedcf3ebc203a3fbbca2e943d41f74dbd6ce12bbb8f2d723d900a733d89e48a3d9d7b81bdea5db5bb75c380bcc96f1b3da634243ca2e44fbc320d04bd9db9873d017ed03cad8af2bc2355c4bc29944dbd47e081bc93cb033d45ed4dbdc18990bdb5c62b3d50adfebd15305bbd452f313d7455b73ab100593dd3c4debc9e196b3dadc68fbd38fd66b72c3537bce1a2f53caf51ff3c31dc8f3d54df223d95e7113d718920bd1ee6e63db81fc43d8edc8cbd06131bbca3149fbcf9f81fbda419e63d624d4fbd7259ecbd6edb90bcef14f83db249223d100e69bd1086f189622719bdd924d13a158da7bca65e023ef722473d0e18103ded96eabde867a6bd2cf273bc4d8798bcd451b9bd9d21afbd5984be3c650739bda954173dfa23b03d1cee5c3d60dac03d3ecd20bd7440c2bcb1480cbcd91b9a3ceaf7b23c0533abba24e7433d23f9893d2907f03d29b1c6bc012033bc8251aabd72c09a3d225707bd0b5c5f3d786cfbbbdb3ae23c019f793d363212bc288c503c0f6b533b7748893d0bd817bb163cdcbb8cf4f9bb89aea03d501c233c4ff497bdaae60a3df5518fbd4d6f8bbd466452bc2e29863d96ea6c3bd06805be4b35743d906d89bc16abdb3cc6bc5cbdb603e13c8427aa3c998188bdf43b11bdb31c0bbdabbd89bd4c8286bcbe09793d6a66aa391d56d13c7e68e93a59583f3c91086fbcf5dad43c2afb06bded19d43c7864d2bb7522823dff797ebde741e13c6648b0bc668af13d7aef303d2b577dbd257bc8bc6640563b9d8a713ca314543c37a3f43d2f2775bdce92f53c1ad4f33c08addc3dddd69e3de2418e3d00a9883c6584003d5d43dd3d72aa10b3e8f11e3efdd317bd63349ebd9661093e640e1c3d47e274bd2ba5ccbce57ad9bc4c8331bd2cf6473d422233bd38dc33bd6d2ca7bdd5411fbd29c0a93aee6a6d3d762c1ebc31cb9c3da4bcf9bcbaac043e3c441cbb75b5513ddb3685bb7b2dc4bd0eb310bd043229bdc2f150bddfe9a43b3bdfa13d7a406d3d8f7a773c770e2abbf62f983c958578bdaa7d2f3c156a663c0339a93dac3e28bdf30aa9bca415e5bb276b9cbd74bf2ebdaa0122bc90684b3df0520bbecb980bbd8dc5bcbd1a14fa3c96afefbcfa89973db937c2bc43d24e3d0151013d4486683cf2ae4bbdd0447dbd885aa83c9c9af23ba36b3c3dd025253ccd34013da32587baefd9ee3c4e1f3b3d947494622e
6	Cadbury	Cadbury 5 star	120	products/5star_jjq8eo0_VUGpEfq.jpg	Smooth chocolate coating, soft and chewy inside\r\n  \r\n  Nutritional Info (per 22g approx.):\r\n  Energy: ~100 kcal\r\n  Sugar: ~11g\r\n  Fat: ~4.5g\r\n  Protein: ~0.7g	4.3	2	1	\\x8004958d060000000000008c166e756d70792e5f636f72652e6d756c74696172726179948c0c5f7265636f6e7374727563749493948c056e756d7079948c076e6461727261799493944b0085944301629487945294284b014d8001859468038c0564747970659493948c02663494898887945294284b038c013c944e4e4e4affffffff4affffffff4b007494628942000600005c7ad2bb68167abcf8a2953d0a3fb83da21302bdd5de913b1d17113e73710cbc52f39abddb5fd13cee6022bdea058abd5864b7bcee7bc4bd1fc7b6bcdb1d2dbd815a2b3e905c29bd570148bd6417403d3906f93d33105ebd48f7efbc7261fe3c652c0e3d34ba5cbc2830733dd577a1bca52765bd3dac74bcca9593bd83e188bb41fa433d830a0dbb4dca00bd4d0b853c5081ca3c903e5ebd28b3a73c1cd591bdd6b1083d0d9e1d3cde94e13cf28e22bc5f0630bc284d80bc9a8e30bdeb292e3d34d951bd0343833d31ed87bd54f784bcc4d3dcba3a609abd29ee0e3db8e09cbd9be884bd26d263bce654433dd45b4f3cf726813c920316bd1c0f943cccf51abca855423dacd95bbdbee537bda722c53cce02e7bc81388cbc9fa3b0bc8de6783ba53e6f3d190397bd93925c3b9e2ad4bc8c9d0a3d933597bdc7b8923c6214dd3a3899e0bc976ce53c75f4273d204d7d3d97e01c3d10d19bbde77feb3ca7a0873d8b47e2bc36a892bdb11ae23c96d45dbc6af8e3bcce5c543d24fdcfbc33c8013c800821bbbbb3c7bdd04e863cec76dabc1fe1d13c5700643db691d03d063ad3bb239145bdc69bfcbb9c01543bd7c12d3d4642ee3ddf536c3dc7ba2ebc09b7383d5e6551bd92015c3c5be0aebd5ce8adbc7e54f33c6e2dbb3cca90ac3da6644cbc67fecf3bb7ae603d5c16b93dc891cabc9a8b0dbe8a4ed8bc69e4963cd4435108f452e3bd419e3f3c710d263d5226863daa3cca3c24198ebd6345b9bc5b476abc644f4d3c7971da3c7290fcbbc269353d3dcc0e3de6c8d23dd45217bd958aaabcf39392bd58994bbda80d713d6bfb6a3dbb0392bd4a76833dda7c023d552e663dc840f63cec2e223de95957bd4032023d351716bdfc075b3c1c0d303de276f63bf4d75c3c132223bdb2df23bdaab8aa3c5aebf13c89d0173c100694bca5137abd03d68c3d192520bc1163023d8a9ac03c74381abe4a79bcbc8175eb3c3e691e3d1eb1053ccf1b383d5f963f3d9a1c0fbd489ae33ab33ec53ca9bfb0bd403d1fbde3192f3cb74dd73cfb48003d3a823f3da04d993daad688bcdff9203c04fc84bd0ec54bbd74766e3d0d3f3fbda1c2933c286ae23c5937813b039a0439dfb32c3db1f6f33ddd7974bda035c9bce61f903cb405de3cee66cebcf7453bbd44448f3d285d2f3def4af8bb05658f3cf8825cbdad3bdbbd8140ab3cd033f4bc4cba0c3df756fc3c3fca783d106bf8bc6ec3f1bcbce561bc05a6dd3bccce1dbe0f5b3789b9b8babbc50c3f3c38c4223d3239c23dc384c9bbf216ebbca0afd63cf811ccbcbef9563b65fc19bdb537733d8f9c593cf5d1c53a38dc8c3c8630f3b9a32b533ee4be6dbdc2ebad3d9cbedebcc73421bd85bebdba57b3db3cf2062abd61c53c3d881d2dbc13ee9f3de3d2aa3c7155d0bcf97a653d05236fbd80d2463de4e48ebd0c50533c385e3bbb51cc21bd02859bbc7e35a93c72b2183c8785ddbc126d3b3d74286dbcefc7bf3db1da2fbd5603b73da301273d62ba723c389db43c4845b9bc62bcc6bcebe54f3dd3f5eb3d0ae1c8bcf6f4c9bd211818bb4ae23fbdbdf2903db803b1bc6114713d4ea7c43c5944dbbd5505cebc966ed1bbb35e853c48d202bd59a8a03caf63e73cb9c256bd6b4283bdd2885d3c78292bb987bf3f3c7265113dfb17013d39688dbd0a9c933c8814403da098303db8e5ebbca288a5bc4c81073d063e3fbdc6af8bbcb0d2423d0a8415bd52b489bcb8ee433df02fcbbbad3f423c22d54a3d2c5f3c3db6bc8fbd14d531bca153d9bc2c6cbc3bb42f993d747c00b34956c93d3022cebded5eebbd6dc200bd2f0084bd5ef19c3cc1e9bfbcaa87eabce557683d9a4f7e3dd1c7c73d60e9f93c716413be64d4773ca6f5acbdf866b9bce9c295bc5f7ae23d851adb3af9b39e3c8d526fbd4b6e8b3dd0a82b3c5447bb3bf564be3cbcdf75bdc56c7abd94bddbbc569d95bd71f92cbd639eb4bcbd81733d83f02abdbbc112bd17481fbd56bfa93cbb0db6bc3491f6ba60bd4abcbab5973d517c953ccfebefbd178a61bdae6ffebce34c95bd884413bde482a5bd26650b3d56f1053c3d3a513dbda6d9bc85c9993d896fd7bd1b54b7bc9f287dbd00db58bcfdf6dbbc0f8989bce10f523c87343abd3295d33c87a003bdc3afa33cc9068cbd947494622e
7	Sunfeast	Sunfeast Arrowroot	30	products/biscuit_NyHgDV8_nRdQdA6.jpg	​Sunfeast Thin Arrowroot Biscuits are a product of ITC's Sunfeast brand, known for their light and crisp texture. \r\n  \r\n  Nutritional Information (per 100g):\r\n  Energy: 429 kcal​\r\n  Carbohydrates: 76.1 g\r\n  Total Fat: 12.0 g\r\n  Protein: 7.1 g	3.9	7	4	\\x8004958d060000000000008c166e756d70792e5f636f72652e6d756c74696172726179948c0c5f7265636f6e7374727563749493948c056e756d7079948c076e6461727261799493944b0085944301629487945294284b014d8001859468038c0564747970659493948c02663494898887945294284b038c013c944e4e4e4affffffff4affffffff4b007494628942000600004e20e03c737673bd9df3f6bd59a9e63dfa2e843ca084dfbc2c5ba13dbe0e313dd86149bdec22f5bcb6632bbdc81286bdc79fb0bd8b4223bde6fd72bc076a43bd4d707a3d487a82bc5bb9bf3d8b1340bdfac25dbd3c0f86bd1f1c4b3d557dcb3ce8e05dbc7994dd3cf98c32bdad2258bb9d57f5bd12a19ebd567e21bc2fe1ffbcd1db443d936b17bd91b3d3bca9b9c13beec5b23d55cfe6bd608e0ebced3a62bce059abbb5ff826bcf1c85abdf414563c367406bb3b5a923d299d20b855788a3c84948e3bee2e8d3db8a0843cbca4a3bb524635bd3764aabd5d5861392dbd05bd35549fbd998b0dbd4f94dc3c529aa33d44e0b63d023054bd2cfa14bdab9a273d1998a53d0accb03cb56a3abd6489febc3152943aca7fd2bce28377bdbfa0bebc5cfa643c159d163ddc346dbda51ba63dbc30813d2948e43b53aef53cdc75013c3fd180bd394d0d3be6eba4bc0630f63d7b09123dd6e8af3ce4268a3d136c463de68932bc5bb6d5bc092b963d2d489b3d5cb83a3c070de43c91e44b3d72649ebde87d283de0bf50bda8a2e6bd41293a3c310b85bcbab81d3dcd93623d353adbbadba80abcc67c663d9388c1bdba860f3db373c63db894bc3d235472bd18d8613da2119ebdbdbcb83b7cc9a6bc494393bc44d4483c757637bd6227cf3cb1f9533dadfd4e3cb8ba6abd241f2f3d48a0db3ca27cb4bdf67931bd6be577bdf768a2094eed28bd8b48ea3d2b35613d1a4a81bd13315bba7ae5a73ce4ad5ebd0364863c9b41fdbcb1130a3d2c48863a392e473c3441d83cd639bb3d4e2dd8bc3e9f18bdbe696abda6421c3d7f3f3abccd808fbd008cc2bd2dbbf83dc7d95f3be872093df39f5c3dd8b38d3c327f8abcc13fe93ce63e37bde4382a3dad183c3d751b80bda6480d3d949896bc630c0eb95f1f4ebd4b702b3c449da1bdd98699bc4a440b3d1db0853dc7be9dbc3f739b3da518a83dabbfcabdb0ee1abd5153a13d7f734d3c9ee1b53aa38d40bd873cd0bce1ae88bcd01886bcb8d53f3b6157803dc65922bdbaaf0dbc36b9993d403048bc5cd1613ddb9542bda196db3cf4a7053d856657bc4dba30bc7627743c07fbebbdbe003b3c62d186bd47a129bd8a8e153d09cd813c5eb5c93df11a87bc90fb173dcb493d3b7c0e533ddcd5db3c9011d0bcbf0ab6bc7c17943bea7c98bc2968783ba8c0a9bd5fb0abbdacab6a3cfcb516bcb71de3bcade653bd40b70f3db8a5543cbcb5193d01134abb3732693c32b861bd511daa892a448ebdb2f5c7bca3f585bd6c9fc13cafc8b5bccbda093db474e53c57e98dbd48540ebc0ee43b3cd53fac3c56f6023c87b68c3c92cdbbbd10bc51bd0bffba3d47b6673de494563d751059bda4f304bd92b51ebc6f04393d67e5573daff2623c4c5a88bc0376313debedfd3d7462293c8759ca3b5e1d24baad13d63d3dc059bd4f183e37a1000dbde2b033bbc9ad44bc950fbcbcf2c9363bd951873be03aef3cf37022bd84fc3abb3ee03bbdd504acbd5209c13c920a41bdea34afbc6974533dc510103d6789a83c8ed9b13dedf348bd2da7f7bc48a3863d61763dbdc573f63cdbc42c3d9da68f3dd2fb13bd3faf82bd849c023c63d1603b22ebd33d42877d3cecadd93d487218bd4cf5f5ba2fa755bdc7265c3d234b3d3d37059f3d7b111fbdd5a0883d6d724c3d38fb943d0846c03d98dd993d47ed2ebb4dae97bd5f79a5ba789778bd3b75213c6fb3a43d501a1ebde4fb90ba22a24dbc825658bcd482283d906a03bc2842043e6ebcedbcfaab823adb9c8abddcf65d3d5be72f3d6a8c1bb35c6ebe3d7df992bd55953fbdc3292e3c2889c5bc5d4592bc4f795d3c884e8abdd7ae17bdacf30c3c6b8fd23cfa42513d5157553ca020ca3c857a00bd9ca4f7bc5ff2af3ca579fc3cbd68a6bc8419123db98d92bd31b796bc3999743d08df8cbd789714bd53fd61bddba40b3dbca7e43ca05b0e3d4358683d7922fcbc0b8d1c3c7a9b2c3da2688cbd177a88bddff4f83ce4e2ecbc260a563d0afd88bda23e143e196de1bb2b9290bdc5efc9bb9d6d803db71e02bee4217dbce9a34bbd8689ba3d188d1139623965bcecf1bfbcea79883df9a9b0bd03ca8cbdb9a5b9bdb948b73c6e2dfbbcf2e582bce481dd3c7a4028bcdfd456bd0d11b9bd4744493d443c163c947494622e
8	Blue Tokai	Vienna French	350	products/tokai_ytzZhtw.webp	Blue Tokai Coffee Powder is a premium Indian coffee brand known for its high-quality, freshly roasted Arabica beans sourced from sustainable farms across South India.	4	6	4	\\x8004958d060000000000008c166e756d70792e5f636f72652e6d756c74696172726179948c0c5f7265636f6e7374727563749493948c056e756d7079948c076e6461727261799493944b0085944301629487945294284b014d8001859468038c0564747970659493948c02663494898887945294284b038c013c944e4e4e4affffffff4affffffff4b007494628942000600006e9870bd5f200ebd246e0abdb2ae363d7872cb3d139dec3dbeb30e3d9702343bcd2388bc40e76a3b84330e3bb8f87bbdb9cd17bdcfa3f2bcded8d13cbcd0b1bc4189973dc4890dbdcd78d43c537b8cbda47cd1bc6c0a53bc8823bc3d38d1753ddedf3b3db3bd3c3d34a4843ca01e49bd63ef813c1e2ab73b87f099bc02f4c13c59f281bd50c9d1bbb9719ebd54be20b7a8755e3d41a867bde352633d686cdebb22b7a0bcffa4a13ce9cd83bcf5b990bdac98053cc38de4395171513c32a58939d1c9c53c5e59d73ce2fc91bd742103bdd8a8023d621fc8bc6ff1f6bc1802edbd500c273bf968253d4b8b7f3d5a9ea93d15e9a5bbd74eafbdb7e257bdf447a93d7b87173d76b41abce266fcbd57de413d500fabbc08f27cbde6dac4bc8537f0bc4ce69d3d620bb53d12905abd80945e3da93ca53c5c7e483dcae6abbdc4e91b3dc420a53c331d923d3e13e73ce33bc13d4bdd2abd3f12553c890e5dbb0d8626bd7d5b653db3784bbdf305edbc939e353d122df93ce7a27a3d3fb7bfbd1a7a053cbc0b2a3da8e82e3d32439a3cf64f523cc0e353bd1d950abd2534d23bc9905dbd9c6de0bcea57fc3ce09a09bdaf1362bd8d22133eb8deeb3beb0f9d3c338c60bd1106a8bdf72d2dbd5b2ac3bc9fc4abbc55e0b3398204d3bc44334ebd69a9b0bc6b465abc609f04be17b4363d0d9c25bd1a9d1fbd9e863dbc2fd0b53a87d85d098775073d6f1c133c0e42873de8eb5b3cc821ff3c663b96bdcfe1333cbadc66bc59cdd0bd45b34b3c89cf80bd5499483d444c84bd3d3f8dbc1ccd9dbc9f7551bda6c4ffbb60af22bc117c883cd53fc33ccfcca63cb672bb3c44c78a3b24a0bf3d2651d13b6f3afc3ad685ad3d77e4f4bb16128cbd9214eb3c80253f3d6f07a03d330f89bd0cc2d83cdcf9e3bd5ffdf9bd2755b3bc61be403d3c0531bcb3f3823db6655b3ca932123cbef663bc607e003d25a10b3a9c0a71baf31c093dd7314d3b680a7e3de9ac1e3d6d36c5bc2d826ebd85e7683db1d09e3db35c953c38e8293d3705bc3cfda1363d98a4413d09f2b73d38e60cbdf85c223b0d931a3c161eba3c542934bdb7db10bdd27ef53bd4638ebd1d27593dffc1d2bd05af0b3b7f1b833d137b2d3d2949de3c5f721d3d537ec8bdc210243dbf16903dce3e223d53fc833cabf5883c9b609cbd8b4faf3c390e873defe9b2bd94d2a03c2faf00bd58df643c06ca953cd5b75dbd1e7c75bd93b7b03cb942183d058ad6badde435bd16d740893bfdfb3d5fe630bdfcdf28bdaa34193d1eb6e53c5cba703c33c07b3d747fc13cf705593d7942353d4393d33d0d67a23a1170b33d86cd993d1bff64bccc9eb73d464b4e3d8fa1803c2e596ebd41b3c2bd0e366f3cc009f5bba0f32ebd1cd7debd3c62f3bc79a5b43d97e1a1bb35e3673d7bbc7abd6458a63d2d26633d81531e3da505ca3c3ad720bcb57fab3c8bc7e9bcee43a4bd15a211bcc979a2bc1ee8a63d480363bd04b0d63cfbb8e0bc1faa1cbd1626bebb2a6e77bd9be9e0bce596f0bb882e72bdbb98f1bbd4f27f3d4cb998bcf68546bd03fba1bc32509fbde91a8bbc7ad516bd23871d3d4fdab3bde11e303cd8a4723d53ef953d0b385e3da9eb0f3c2900663aa55b543c16cf22bd91c184bdeb8f733d9099f9bc8e9aee3d2b8a97bd98ede53b3f09cf3d3d66fa3c7a2a6e3c5458243d4177eaba378221bd674c023d2f5c943ca7b3683d4cb1523cb3a6833da3dc343d5e25d93c4e38bfbc279d22bded068c3db3c7b53ca7edf53b98d9cebb0602bdbc712a453d5517d93dde0a03b3bcc482bd10009cbdee1c3bbd521c063e37bc31bd65a5dbbc14448fbc44a1953c1a3bb53c58418ebdcf19d53b2f9f7a3dd28893bc5274c83c350d0cbda2f41fbd3e61023dc3d9803dc602f2bcc6b7d93d1ff3163d9535ebbc6512e83ded1147bd117fb4bc714f77bd265f74bb20c14ebc00f2633df950c8bd14b6f3bd2b12403ca85b04bdbe66293c8f1b40bd4922bb3c9a21a3bd44a6fe3b8fc96dbd48fc293c93f441bd54d5e0bd84bb61bc7828e4bcde46d0bdba1f54bba6f74fbd6aa2933d32ba563c847543bdcaacfebc24fa393d3dfe23bc382ba4bc5fa691bdde04bbbcb16c4dbd067f663ddc2b5abc0012e2bd30149f3c20e5153b02600b3b36d17fbd947494622e
\.


--
-- Data for Name: product_weight_table; Type: TABLE DATA; Schema: public; Owner: postgres
--

COPY public.product_weight_table (product_weight_id, product_weight) FROM stdin;
1	200
2	100
3	500
4	20
\.


--
-- Data for Name: user_table; Type: TABLE DATA; Schema: public; Owner: postgres
--

COPY public.user_table (id, password, last_login, is_superuser, username, first_name, last_name, email, is_staff, is_active, date_joined, user_image, user_address, user_city, user_phone) FROM stdin;
1	pbkdf2_sha256$720000$GBfg1ghVJGBdzjVh78yI9D$Yr2WlRKibMnJO3pBrsd3LRll+kDzUiVYRaS/X74J1ak=	2025-11-06 14:26:25.099516+05:30	t	admin				t	t	2025-11-06 14:21:48.940251+05:30				
\.


--
-- Data for Name: user_table_groups; Type: TABLE DATA; Schema: public; Owner: postgres
--

COPY public.user_table_groups (id, custommodel_id, group_id) FROM stdin;
\.


--
-- Data for Name: user_table_user_permissions; Type: TABLE DATA; Schema: public; Owner: postgres
--

COPY public.user_table_user_permissions (id, custommodel_id, permission_id) FROM stdin;
\.


--
-- Name: auth_group_id_seq; Type: SEQUENCE SET; Schema: public; Owner: postgres
--

SELECT pg_catalog.setval('public.auth_group_id_seq', 1, false);


--
-- Name: auth_group_permissions_id_seq; Type: SEQUENCE SET; Schema: public; Owner: postgres
--

SELECT pg_catalog.setval('public.auth_group_permissions_id_seq', 1, false);


--
-- Name: auth_permission_id_seq; Type: SEQUENCE SET; Schema: public; Owner: postgres
--

SELECT pg_catalog.setval('public.auth_permission_id_seq', 56, true);


--
-- Name: badge_table_badge_id_seq; Type: SEQUENCE SET; Schema: public; Owner: postgres
--

SELECT pg_catalog.setval('public.badge_table_badge_id_seq', 2, true);


--
-- Name: cart_table_cart_id_seq; Type: SEQUENCE SET; Schema: public; Owner: postgres
--

SELECT pg_catalog.setval('public.cart_table_cart_id_seq', 1, false);


--
-- Name: category_table_category_id_seq; Type: SEQUENCE SET; Schema: public; Owner: postgres
--

SELECT pg_catalog.setval('public.category_table_category_id_seq', 7, true);


--
-- Name: deal_table_best_deal_id_seq; Type: SEQUENCE SET; Schema: public; Owner: postgres
--

SELECT pg_catalog.setval('public.deal_table_best_deal_id_seq', 3, true);


--
-- Name: django_admin_log_id_seq; Type: SEQUENCE SET; Schema: public; Owner: postgres
--

SELECT pg_catalog.setval('public.django_admin_log_id_seq', 29, true);


--
-- Name: django_content_type_id_seq; Type: SEQUENCE SET; Schema: public; Owner: postgres
--

SELECT pg_catalog.setval('public.django_content_type_id_seq', 14, true);


--
-- Name: django_migrations_id_seq; Type: SEQUENCE SET; Schema: public; Owner: postgres
--

SELECT pg_catalog.setval('public.django_migrations_id_seq', 21, true);


--
-- Name: featured_table_featured_product_id_seq; Type: SEQUENCE SET; Schema: public; Owner: postgres
--

SELECT pg_catalog.setval('public.featured_table_featured_product_id_seq', 5, true);


--
-- Name: product_rating_table_id_seq; Type: SEQUENCE SET; Schema: public; Owner: postgres
--

SELECT pg_catalog.setval('public.product_rating_table_id_seq', 1, false);


--
-- Name: product_table_product_id_seq; Type: SEQUENCE SET; Schema: public; Owner: postgres
--

SELECT pg_catalog.setval('public.product_table_product_id_seq', 8, true);


--
-- Name: product_weight_table_product_weight_id_seq; Type: SEQUENCE SET; Schema: public; Owner: postgres
--

SELECT pg_catalog.setval('public.product_weight_table_product_weight_id_seq', 4, true);


--
-- Name: user_table_groups_id_seq; Type: SEQUENCE SET; Schema: public; Owner: postgres
--

SELECT pg_catalog.setval('public.user_table_groups_id_seq', 1, false);


--
-- Name: user_table_id_seq; Type: SEQUENCE SET; Schema: public; Owner: postgres
--

SELECT pg_catalog.setval('public.user_table_id_seq', 1, true);


--
-- Name: user_table_user_permissions_id_seq; Type: SEQUENCE SET; Schema: public; Owner: postgres
--

SELECT pg_catalog.setval('public.user_table_user_permissions_id_seq', 1, false);


--
-- Name: auth_group auth_group_name_key; Type: CONSTRAINT; Schema: public; Owner: postgres
--

ALTER TABLE ONLY public.auth_group
    ADD CONSTRAINT auth_group_name_key UNIQUE (name);


--
-- Name: auth_group_permissions auth_group_permissions_group_id_permission_id_0cd325b0_uniq; Type: CONSTRAINT; Schema: public; Owner: postgres
--

ALTER TABLE ONLY public.auth_group_permissions
    ADD CONSTRAINT auth_group_permissions_group_id_permission_id_0cd325b0_uniq UNIQUE (group_id, permission_id);


--
-- Name: auth_group_permissions auth_group_permissions_pkey; Type: CONSTRAINT; Schema: public; Owner: postgres
--

ALTER TABLE ONLY public.auth_group_permissions
    ADD CONSTRAINT auth_group_permissions_pkey PRIMARY KEY (id);


--
-- Name: auth_group auth_group_pkey; Type: CONSTRAINT; Schema: public; Owner: postgres
--

ALTER TABLE ONLY public.auth_group
    ADD CONSTRAINT auth_group_pkey PRIMARY KEY (id);


--
-- Name: auth_permission auth_permission_content_type_id_codename_01ab375a_uniq; Type: CONSTRAINT; Schema: public; Owner: postgres
--

ALTER TABLE ONLY public.auth_permission
    ADD CONSTRAINT auth_permission_content_type_id_codename_01ab375a_uniq UNIQUE (content_type_id, codename);


--
-- Name: auth_permission auth_permission_pkey; Type: CONSTRAINT; Schema: public; Owner: postgres
--

ALTER TABLE ONLY public.auth_permission
    ADD CONSTRAINT auth_permission_pkey PRIMARY KEY (id);


--
-- Name: badge_table badge_table_pkey; Type: CONSTRAINT; Schema: public; Owner: postgres
--

ALTER TABLE ONLY public.badge_table
    ADD CONSTRAINT badge_table_pkey PRIMARY KEY (badge_id);


--
-- Name: cart_table cart_table_pkey; Type: CONSTRAINT; Schema: public; Owner: postgres
--

ALTER TABLE ONLY public.cart_table
    ADD CONSTRAINT cart_table_pkey PRIMARY KEY (cart_id);


--
-- Name: category_table category_table_pkey; Type: CONSTRAINT; Schema: public; Owner: postgres
--

ALTER TABLE ONLY public.category_table
    ADD CONSTRAINT category_table_pkey PRIMARY KEY (category_id);


--
-- Name: deal_table deal_table_pkey; Type: CONSTRAINT; Schema: public; Owner: postgres
--

ALTER TABLE ONLY public.deal_table
    ADD CONSTRAINT deal_table_pkey PRIMARY KEY (best_deal_id);


--
-- Name: django_admin_log django_admin_log_pkey; Type: CONSTRAINT; Schema: public; Owner: postgres
--

ALTER TABLE ONLY public.django_admin_log
    ADD CONSTRAINT django_admin_log_pkey PRIMARY KEY (id);


--
-- Name: django_content_type django_content_type_app_label_model_76bd3d3b_uniq; Type: CONSTRAINT; Schema: public; Owner: postgres
--

ALTER TABLE ONLY public.django_content_type
    ADD CONSTRAINT django_content_type_app_label_model_76bd3d3b_uniq UNIQUE (app_label, model);


--
-- Name: django_content_type django_content_type_pkey; Type: CONSTRAINT; Schema: public; Owner: postgres
--

ALTER TABLE ONLY public.django_content_type
    ADD CONSTRAINT django_content_type_pkey PRIMARY KEY (id);


--
-- Name: django_migrations django_migrations_pkey; Type: CONSTRAINT; Schema: public; Owner: postgres
--

ALTER TABLE ONLY public.django_migrations
    ADD CONSTRAINT django_migrations_pkey PRIMARY KEY (id);


--
-- Name: django_session django_session_pkey; Type: CONSTRAINT; Schema: public; Owner: postgres
--

ALTER TABLE ONLY public.django_session
    ADD CONSTRAINT django_session_pkey PRIMARY KEY (session_key);


--
-- Name: featured_table featured_table_pkey; Type: CONSTRAINT; Schema: public; Owner: postgres
--

ALTER TABLE ONLY public.featured_table
    ADD CONSTRAINT featured_table_pkey PRIMARY KEY (featured_product_id);


--
-- Name: product_rating_table product_rating_table_pkey; Type: CONSTRAINT; Schema: public; Owner: postgres
--

ALTER TABLE ONLY public.product_rating_table
    ADD CONSTRAINT product_rating_table_pkey PRIMARY KEY (id);


--
-- Name: product_rating_table product_rating_table_user_id_product_id_ab3da173_uniq; Type: CONSTRAINT; Schema: public; Owner: postgres
--

ALTER TABLE ONLY public.product_rating_table
    ADD CONSTRAINT product_rating_table_user_id_product_id_ab3da173_uniq UNIQUE (user_id, product_id);


--
-- Name: product_table product_table_pkey; Type: CONSTRAINT; Schema: public; Owner: postgres
--

ALTER TABLE ONLY public.product_table
    ADD CONSTRAINT product_table_pkey PRIMARY KEY (product_id);


--
-- Name: product_weight_table product_weight_table_pkey; Type: CONSTRAINT; Schema: public; Owner: postgres
--

ALTER TABLE ONLY public.product_weight_table
    ADD CONSTRAINT product_weight_table_pkey PRIMARY KEY (product_weight_id);


--
-- Name: user_table_groups user_table_groups_custommodel_id_group_id_cc19cd75_uniq; Type: CONSTRAINT; Schema: public; Owner: postgres
--

ALTER TABLE ONLY public.user_table_groups
    ADD CONSTRAINT user_table_groups_custommodel_id_group_id_cc19cd75_uniq UNIQUE (custommodel_id, group_id);


--
-- Name: user_table_groups user_table_groups_pkey; Type: CONSTRAINT; Schema: public; Owner: postgres
--

ALTER TABLE ONLY public.user_table_groups
    ADD CONSTRAINT user_table_groups_pkey PRIMARY KEY (id);


--
-- Name: user_table user_table_pkey; Type: CONSTRAINT; Schema: public; Owner: postgres
--

ALTER TABLE ONLY public.user_table
    ADD CONSTRAINT user_table_pkey PRIMARY KEY (id);


--
-- Name: user_table_user_permissions user_table_user_permissi_custommodel_id_permissio_98189508_uniq; Type: CONSTRAINT; Schema: public; Owner: postgres
--

ALTER TABLE ONLY public.user_table_user_permissions
    ADD CONSTRAINT user_table_user_permissi_custommodel_id_permissio_98189508_uniq UNIQUE (custommodel_id, permission_id);


--
-- Name: user_table_user_permissions user_table_user_permissions_pkey; Type: CONSTRAINT; Schema: public; Owner: postgres
--

ALTER TABLE ONLY public.user_table_user_permissions
    ADD CONSTRAINT user_table_user_permissions_pkey PRIMARY KEY (id);


--
-- Name: user_table user_table_username_key; Type: CONSTRAINT; Schema: public; Owner: postgres
--

ALTER TABLE ONLY public.user_table
    ADD CONSTRAINT user_table_username_key UNIQUE (username);


--
-- Name: auth_group_name_a6ea08ec_like; Type: INDEX; Schema: public; Owner: postgres
--

CREATE INDEX auth_group_name_a6ea08ec_like ON public.auth_group USING btree (name varchar_pattern_ops);


--
-- Name: auth_group_permissions_group_id_b120cbf9; Type: INDEX; Schema: public; Owner: postgres
--

CREATE INDEX auth_group_permissions_group_id_b120cbf9 ON public.auth_group_permissions USING btree (group_id);


--
-- Name: auth_group_permissions_permission_id_84c5c92e; Type: INDEX; Schema: public; Owner: postgres
--

CREATE INDEX auth_group_permissions_permission_id_84c5c92e ON public.auth_group_permissions USING btree (permission_id);


--
-- Name: auth_permission_content_type_id_2f476e4b; Type: INDEX; Schema: public; Owner: postgres
--

CREATE INDEX auth_permission_content_type_id_2f476e4b ON public.auth_permission USING btree (content_type_id);


--
-- Name: cart_table_cart_item_id_25f9e855; Type: INDEX; Schema: public; Owner: postgres
--

CREATE INDEX cart_table_cart_item_id_25f9e855 ON public.cart_table USING btree (cart_item_id);


--
-- Name: cart_table_user_id_ef2b65f3; Type: INDEX; Schema: public; Owner: postgres
--

CREATE INDEX cart_table_user_id_ef2b65f3 ON public.cart_table USING btree (user_id);


--
-- Name: deal_table_deal_items_id_e8ce52b9; Type: INDEX; Schema: public; Owner: postgres
--

CREATE INDEX deal_table_deal_items_id_e8ce52b9 ON public.deal_table USING btree (deal_items_id);


--
-- Name: django_admin_log_content_type_id_c4bce8eb; Type: INDEX; Schema: public; Owner: postgres
--

CREATE INDEX django_admin_log_content_type_id_c4bce8eb ON public.django_admin_log USING btree (content_type_id);


--
-- Name: django_admin_log_user_id_c564eba6; Type: INDEX; Schema: public; Owner: postgres
--

CREATE INDEX django_admin_log_user_id_c564eba6 ON public.django_admin_log USING btree (user_id);


--
-- Name: django_session_expire_date_a5c62663; Type: INDEX; Schema: public; Owner: postgres
--

CREATE INDEX django_session_expire_date_a5c62663 ON public.django_session USING btree (expire_date);


--
-- Name: django_session_session_key_c0390e0f_like; Type: INDEX; Schema: public; Owner: postgres
--

CREATE INDEX django_session_session_key_c0390e0f_like ON public.django_session USING btree (session_key varchar_pattern_ops);


--
-- Name: featured_table_badge_id_2eac5e0f; Type: INDEX; Schema: public; Owner: postgres
--

CREATE INDEX featured_table_badge_id_2eac5e0f ON public.featured_table USING btree (badge_id);


--
-- Name: featured_table_featured_items_id_6fb49ab1; Type: INDEX; Schema: public; Owner: postgres
--

CREATE INDEX featured_table_featured_items_id_6fb49ab1 ON public.featured_table USING btree (featured_items_id);


--
-- Name: product_rating_table_product_id_6a43d140; Type: INDEX; Schema: public; Owner: postgres
--

CREATE INDEX product_rating_table_product_id_6a43d140 ON public.product_rating_table USING btree (product_id);


--
-- Name: product_rating_table_user_id_437b09e5; Type: INDEX; Schema: public; Owner: postgres
--

CREATE INDEX product_rating_table_user_id_437b09e5 ON public.product_rating_table USING btree (user_id);


--
-- Name: product_table_product_category_id_cadabfe2; Type: INDEX; Schema: public; Owner: postgres
--

CREATE INDEX product_table_product_category_id_cadabfe2 ON public.product_table USING btree (product_category_id);


--
-- Name: product_table_product_weight_id_5b19dead; Type: INDEX; Schema: public; Owner: postgres
--

CREATE INDEX product_table_product_weight_id_5b19dead ON public.product_table USING btree (product_weight_id);


--
-- Name: user_table_groups_custommodel_id_bd11af25; Type: INDEX; Schema: public; Owner: postgres
--

CREATE INDEX user_table_groups_custommodel_id_bd11af25 ON public.user_table_groups USING btree (custommodel_id);


--
-- Name: user_table_groups_group_id_9081eccd; Type: INDEX; Schema: public; Owner: postgres
--

CREATE INDEX user_table_groups_group_id_9081eccd ON public.user_table_groups USING btree (group_id);


--
-- Name: user_table_user_permissions_custommodel_id_6c304007; Type: INDEX; Schema: public; Owner: postgres
--

CREATE INDEX user_table_user_permissions_custommodel_id_6c304007 ON public.user_table_user_permissions USING btree (custommodel_id);


--
-- Name: user_table_user_permissions_permission_id_b39a5796; Type: INDEX; Schema: public; Owner: postgres
--

CREATE INDEX user_table_user_permissions_permission_id_b39a5796 ON public.user_table_user_permissions USING btree (permission_id);


--
-- Name: user_table_username_8cd07de8_like; Type: INDEX; Schema: public; Owner: postgres
--

CREATE INDEX user_table_username_8cd07de8_like ON public.user_table USING btree (username varchar_pattern_ops);


--
-- Name: auth_group_permissions auth_group_permissio_permission_id_84c5c92e_fk_auth_perm; Type: FK CONSTRAINT; Schema: public; Owner: postgres
--

ALTER TABLE ONLY public.auth_group_permissions
    ADD CONSTRAINT auth_group_permissio_permission_id_84c5c92e_fk_auth_perm FOREIGN KEY (permission_id) REFERENCES public.auth_permission(id) DEFERRABLE INITIALLY DEFERRED;


--
-- Name: auth_group_permissions auth_group_permissions_group_id_b120cbf9_fk_auth_group_id; Type: FK CONSTRAINT; Schema: public; Owner: postgres
--

ALTER TABLE ONLY public.auth_group_permissions
    ADD CONSTRAINT auth_group_permissions_group_id_b120cbf9_fk_auth_group_id FOREIGN KEY (group_id) REFERENCES public.auth_group(id) DEFERRABLE INITIALLY DEFERRED;


--
-- Name: auth_permission auth_permission_content_type_id_2f476e4b_fk_django_co; Type: FK CONSTRAINT; Schema: public; Owner: postgres
--

ALTER TABLE ONLY public.auth_permission
    ADD CONSTRAINT auth_permission_content_type_id_2f476e4b_fk_django_co FOREIGN KEY (content_type_id) REFERENCES public.django_content_type(id) DEFERRABLE INITIALLY DEFERRED;


--
-- Name: cart_table cart_table_cart_item_id_25f9e855_fk_product_table_product_id; Type: FK CONSTRAINT; Schema: public; Owner: postgres
--

ALTER TABLE ONLY public.cart_table
    ADD CONSTRAINT cart_table_cart_item_id_25f9e855_fk_product_table_product_id FOREIGN KEY (cart_item_id) REFERENCES public.product_table(product_id) DEFERRABLE INITIALLY DEFERRED;


--
-- Name: cart_table cart_table_user_id_ef2b65f3_fk_user_table_id; Type: FK CONSTRAINT; Schema: public; Owner: postgres
--

ALTER TABLE ONLY public.cart_table
    ADD CONSTRAINT cart_table_user_id_ef2b65f3_fk_user_table_id FOREIGN KEY (user_id) REFERENCES public.user_table(id) DEFERRABLE INITIALLY DEFERRED;


--
-- Name: deal_table deal_table_deal_items_id_e8ce52b9_fk_product_table_product_id; Type: FK CONSTRAINT; Schema: public; Owner: postgres
--

ALTER TABLE ONLY public.deal_table
    ADD CONSTRAINT deal_table_deal_items_id_e8ce52b9_fk_product_table_product_id FOREIGN KEY (deal_items_id) REFERENCES public.product_table(product_id) DEFERRABLE INITIALLY DEFERRED;


--
-- Name: django_admin_log django_admin_log_content_type_id_c4bce8eb_fk_django_co; Type: FK CONSTRAINT; Schema: public; Owner: postgres
--

ALTER TABLE ONLY public.django_admin_log
    ADD CONSTRAINT django_admin_log_content_type_id_c4bce8eb_fk_django_co FOREIGN KEY (content_type_id) REFERENCES public.django_content_type(id) DEFERRABLE INITIALLY DEFERRED;


--
-- Name: django_admin_log django_admin_log_user_id_c564eba6_fk_user_table_id; Type: FK CONSTRAINT; Schema: public; Owner: postgres
--

ALTER TABLE ONLY public.django_admin_log
    ADD CONSTRAINT django_admin_log_user_id_c564eba6_fk_user_table_id FOREIGN KEY (user_id) REFERENCES public.user_table(id) DEFERRABLE INITIALLY DEFERRED;


--
-- Name: featured_table featured_table_badge_id_2eac5e0f_fk_badge_table_badge_id; Type: FK CONSTRAINT; Schema: public; Owner: postgres
--

ALTER TABLE ONLY public.featured_table
    ADD CONSTRAINT featured_table_badge_id_2eac5e0f_fk_badge_table_badge_id FOREIGN KEY (badge_id) REFERENCES public.badge_table(badge_id) DEFERRABLE INITIALLY DEFERRED;


--
-- Name: featured_table featured_table_featured_items_id_6fb49ab1_fk_product_t; Type: FK CONSTRAINT; Schema: public; Owner: postgres
--

ALTER TABLE ONLY public.featured_table
    ADD CONSTRAINT featured_table_featured_items_id_6fb49ab1_fk_product_t FOREIGN KEY (featured_items_id) REFERENCES public.product_table(product_id) DEFERRABLE INITIALLY DEFERRED;


--
-- Name: product_rating_table product_rating_table_product_id_6a43d140_fk_product_t; Type: FK CONSTRAINT; Schema: public; Owner: postgres
--

ALTER TABLE ONLY public.product_rating_table
    ADD CONSTRAINT product_rating_table_product_id_6a43d140_fk_product_t FOREIGN KEY (product_id) REFERENCES public.product_table(product_id) DEFERRABLE INITIALLY DEFERRED;


--
-- Name: product_rating_table product_rating_table_user_id_437b09e5_fk_user_table_id; Type: FK CONSTRAINT; Schema: public; Owner: postgres
--

ALTER TABLE ONLY public.product_rating_table
    ADD CONSTRAINT product_rating_table_user_id_437b09e5_fk_user_table_id FOREIGN KEY (user_id) REFERENCES public.user_table(id) DEFERRABLE INITIALLY DEFERRED;


--
-- Name: product_table product_table_product_category_id_cadabfe2_fk_category_; Type: FK CONSTRAINT; Schema: public; Owner: postgres
--

ALTER TABLE ONLY public.product_table
    ADD CONSTRAINT product_table_product_category_id_cadabfe2_fk_category_ FOREIGN KEY (product_category_id) REFERENCES public.category_table(category_id) DEFERRABLE INITIALLY DEFERRED;


--
-- Name: product_table product_table_product_weight_id_5b19dead_fk_product_w; Type: FK CONSTRAINT; Schema: public; Owner: postgres
--

ALTER TABLE ONLY public.product_table
    ADD CONSTRAINT product_table_product_weight_id_5b19dead_fk_product_w FOREIGN KEY (product_weight_id) REFERENCES public.product_weight_table(product_weight_id) DEFERRABLE INITIALLY DEFERRED;


--
-- Name: user_table_groups user_table_groups_custommodel_id_bd11af25_fk_user_table_id; Type: FK CONSTRAINT; Schema: public; Owner: postgres
--

ALTER TABLE ONLY public.user_table_groups
    ADD CONSTRAINT user_table_groups_custommodel_id_bd11af25_fk_user_table_id FOREIGN KEY (custommodel_id) REFERENCES public.user_table(id) DEFERRABLE INITIALLY DEFERRED;


--
-- Name: user_table_groups user_table_groups_group_id_9081eccd_fk_auth_group_id; Type: FK CONSTRAINT; Schema: public; Owner: postgres
--

ALTER TABLE ONLY public.user_table_groups
    ADD CONSTRAINT user_table_groups_group_id_9081eccd_fk_auth_group_id FOREIGN KEY (group_id) REFERENCES public.auth_group(id) DEFERRABLE INITIALLY DEFERRED;


--
-- Name: user_table_user_permissions user_table_user_perm_custommodel_id_6c304007_fk_user_tabl; Type: FK CONSTRAINT; Schema: public; Owner: postgres
--

ALTER TABLE ONLY public.user_table_user_permissions
    ADD CONSTRAINT user_table_user_perm_custommodel_id_6c304007_fk_user_tabl FOREIGN KEY (custommodel_id) REFERENCES public.user_table(id) DEFERRABLE INITIALLY DEFERRED;


--
-- Name: user_table_user_permissions user_table_user_perm_permission_id_b39a5796_fk_auth_perm; Type: FK CONSTRAINT; Schema: public; Owner: postgres
--

ALTER TABLE ONLY public.user_table_user_permissions
    ADD CONSTRAINT user_table_user_perm_permission_id_b39a5796_fk_auth_perm FOREIGN KEY (permission_id) REFERENCES public.auth_permission(id) DEFERRABLE INITIALLY DEFERRED;


--
-- PostgreSQL database dump complete
--

